{
    "Title":  "INJECTION",
    "Issue":  "1B",
    "Cover":  1,
    "TotalCost":  "2.83",
    "Mean":  2.8266666666666667,
    "AveragePrice":  1.9966666666666668,
    "CurrentPrice":  1.9966666666666668,
    "Minimum":  0.99,
    "Maximum":  2.7,
    "Count":  3,
    "AveragePaid":  null,
    "AverageNetPaid":  null,
    "Stock":  0,
    "Date":  "\/Date(1433754145157)\/"
}
