{
    "Title":  "THE DYING AND THE DEAD",
    "Issue":  "1",
    "Cover":  1,
    "TotalCost":  "3.73",
    "Mean":  3.7300000000000004,
    "AveragePrice":  2.2666666666666671,
    "CurrentPrice":  2.2666666666666666,
    "Minimum":  1.2,
    "Maximum":  3.11,
    "Count":  3,
    "AveragePaid":  null,
    "AverageNetPaid":  null,
    "Stock":  0,
    "Date":  "\/Date(1425290675649)\/"
}
