{
    "Title":  "THEYRE NOT LIKE US",
    "Issue":  "1",
    "Cover":  1,
    "TotalCost":  "4.26",
    "Mean":  4.257142857142858,
    "AveragePrice":  2.5728571428571425,
    "CurrentPrice":  2.2039999999999997,
    "Minimum":  1.65,
    "Maximum":  4.99,
    "Count":  7,
    "AveragePaid":  null,
    "AverageNetPaid":  null,
    "Stock":  0,
    "Date":  "\/Date(1425290823018)\/"
}
