{
    "Title":  "THEYRE NOT LIKE US",
    "Issue":  "1",
    "Cover":  1,
    "TotalCost":  "3.96",
    "Mean":  3.9600000000000004,
    "AveragePrice":  2.0633333333333335,
    "CurrentPrice":  2.063333333333333,
    "Minimum":  1.7,
    "Maximum":  2.5,
    "Count":  3,
    "AveragePaid":  null,
    "AverageNetPaid":  null,
    "Stock":  0,
    "Date":  "\/Date(1422266834933)\/"
}
